x,y,count
1,0,28
3,3,8
2,2,11
0,0,75
-2,-2,6
0,-1,17
1,1,18
-1,-1,13
1,2,13
-2,0,10
-3,3,5
3,0,12
4,-1,11
-1,2,8
1,-1,6
1,3,5
0,5,4
0,2,8
2,3,3
-1,3,4
-2,3,7
0,3,8
-1,0,18
1,-2,3
0,1,23
-2,2,5
-2,-1,1
-1,4,2
4,0,65
4,-2,8
2,0,23
2,1,8
0,-2,8
3,-3,2
0,-3,6
-1,1,10
-2,4,2
-3,2,5
-3,0,11
2,-1,4
1,4,3
3,-1,6
3,-2,3
3,4,11
-2,1,1
0,4,7
5,1,9
3,2,10
4,2,7
0,-4,5
-2,-3,6
2,-2,3
-4,0,6
5,0,21
-1,-2,3
3,1,7
-1,-3,1
4,3,9
1,-3,3
-4,1,4
6,0,8
6,4,2
5,3,4
4,6,4
-6,-3,1
-5,1,2
-10,-7,1
6,8,1
0,8,2
-11,3,1
-5,6,1
-13,-14,1
10,6,2
-12,-20,1
11,3,1
-16,2,1
-7,3,1
11,-1,1
-6,-2,1
-21,3,2
-14,-25,1
-24,4,1
-3,-8,1
-16,-27,1
11,-5,2
7,-8,1
-23,5,3
-19,-31,2
0,-13,1
5,-15,1
4,-11,2
-24,10,1
-19,-37,1
-42,1,1
25,-18,1
-19,-63,1
-62,30,1
42,30,1
-22,-61,2
33,-28,1
-62,29,1
42,29,1
-23,-56,3
34,-29,1
-23,-50,1
42,32,1
33,-27,2
-61,29,1
45,34,1
-62,27,1
-27,-48,1
33,-25,1
48,33,1
-33,-46,1
-60,25,1
51,36,1
33,-24,1
-61,24,1
-36,-46,3
-63,24,1
-38,-49,1
33,-22,1
53,39,1
50,42,1
36,-22,1
-63,36,3
-46,-55,6
36,-20,2
-44,-56,5
-64,40,1
48,45,3
-65,44,1
-45,-55,6
49,49,1
-64,48,1
52,49,1
37,-26,1
53,47,1
-45,-52,3
-59,48,1
40,-31,1
-58,48,1
41,-37,1
55,48,5
-57,49,1
45,-39,1
54,48,1
-56,52,1
54,47,1
48,-42,1
-45,-54,8
-46,-54,10
49,-42,2
55,43,1
-57,53,1
-61,58,4
52,36,2
49,-43,1
-46,-51,2
-47,-52,2
45,-40,1
49,36,1
49,37,1
-47,-54,5
45,-36,1
-47,-37,1
48,27,3
46,-34,3
-47,-31,1
48,28,4
-59,59,3
49,27,3
46,-33,1
-44,-25,1
52,27,2
-44,-19,1
-59,60,2
41,25,2
28,-23,1
-58,-13,1
27,-24,1
-58,-19,1
32,-46,1
-57,59,1
-43,-17,1
42,27,1
-42,-14,1
-55,60,1
45,27,1
33,-43,1
-56,62,1
-43,-7,2
34,-42,1
-43,-5,3
33,-41,1
-55,65,2
-52,64,1
32,-39,1
50,27,1
-47,64,1
-46,64,1
-43,64,1
-44,67,1
44,-56,1
-38,68,1
38,32,3
-35,65,1
48,-60,2
-43,-2,2
-38,-4,1
-35,63,3
48,-59,1
-42,-6,1
-33,63,1
-34,62,1
-48,-5,1
47,-59,2
-55,-5,1
-35,66,1
-61,-3,1
48,56,5
39,-69,2
3,64,1
-32,36,1
37,-69,2
-30,39,2
6,61,2
5,58,1
51,58,1
34,-69,4
-30,41,1
33,-69,1
-32,45,1
51,61,1
2,55,1
32,-68,1
50,59,1
0,53,1
-34,47,1
-1,50,3
48,57,7
-37,45,2
33,-67,4
-41,45,2
-3,49,1
32,-67,2
-43,46,7
-5,47,1
-7,46,1
32,-69,1
-9,43,1
36,-69,3
-11,40,1
-11,36,1
38,-69,1
-9,31,1
47,54,1
-9,27,1
47,51,1
-42,46,1
47,47,1
-12,27,1
47,42,1
-12,26,1
-44,49,3
47,36,1
-15,25,1
-21,25,1
48,31,1
-25,27,1
34,-68,5
-45,49,3
-27,28,1
48,26,1
-45,48,2
-23,28,2
-43,49,1
-27,27,1
48,32,1
-42,51,1
47,37,1
-30,29,1
-30,32,3
-41,47,1
34,-67,1
45,42,5
-28,34,3
42,41,5
-44,42,3
-26,35,2
-49,37,2
-46,40,2
-25,36,1
-42,43,1
-23,39,1
-44,41,1
-24,43,1
36,52,1
-28,50,3
-60,24,2
34,-66,2
-65,23,1
42,45,1
-31,51,2
-66,29,1
46,45,1
30,-65,1
-56,42,4
32,-61,6
41,60,2
-45,45,1
-56,64,1
-46,44,1
-55,64,1
-45,44,3
-56,60,1
-46,43,2
-58,59,4
-60,60,1
33,-60,2
-62,59,1
-45,43,2
-45,42,2
-66,58,3
32,-59,1
31,-59,1
-68,61,1
-68,62,2
30,-59,1
30,-56,1
32,-52,1
-46,55,4
-68,60,1
32,-53,2
-64,54,1
-55,71,4
-55,72,1
-54,72,1
-56,70,2
-56,68,3
-59,63,1
-64,64,1
-65,66,1
-64,71,1
-63,72,1
-62,72,1
-61,72,2
-60,72,1
-60,71,1
-64,72,4
-66,72,1
-65,70,1
-65,65,1
-60,63,1
-56,58,1
-59,53,1
-64,49,1
-67,52,1
-68,56,5
-67,56,2
-67,57,1
-52,22,2
-65,59,1
60,-20,2
-51,23,3
-67,55,1
-66,50,1
-61,47,5
58,-17,1
-51,25,1
57,-20,3
56,-20,1
-51,29,1
42,56,8
-61,46,2
59,-19,2
-48,31,1
-45,33,2
63,-16,1
-59,46,1
-43,36,1
67,-11,1
68,-6,1
-39,36,1
-58,46,3
-38,36,2
70,-1,3
71,0,1
-37,37,4
-61,45,3
69,-4,1
68,-10,1
-61,43,5
-37,36,1
65,-14,1
-36,36,12
-36,37,7
64,-14,1
-35,37,1
62,-15,1
-34,37,2
56,-15,1
-33,37,1
-60,43,1
51,-17,3
-33,38,5
-59,43,1
51,-19,2
-62,39,1
-31,36,4
55,-16,1
-63,38,2
59,-18,1
-31,34,1
-63,37,1
61,-17,1
-34,38,1
60,-17,1
-62,37,4
55,-17,1
-34,41,2
58,-18,1
-31,43,2
-31,44,1
61,-19,7
-62,36,1
-29,45,1
-27,43,1
60,-19,1
-63,35,2
-25,42,1
-24,44,1
-23,45,2
-64,34,1
-22,45,1
-58,35,1
-25,44,1
60,-18,1
-52,33,1
-28,41,3
-29,37,1
54,-17,1
-53,33,2
50,-20,1
-53,32,1
-56,34,2
46,-23,1
-56,35,1
42,-25,1
41,-30,1
-52,37,5
45,-32,1
-50,42,1
-51,48,1
46,-35,1
49,-36,1
45,49,2
-46,50,2
54,-34,1
-36,35,5
-46,53,2
45,44,1
-45,57,2
55,-37,1
46,40,1
54,-43,1
46,36,1
46,32,1
56,-49,1
-44,59,1
-37,35,6
-43,63,1
60,-54,1
47,29,1
-45,69,1
65,-59,1
-44,70,1
69,-59,1
45,26,1
46,27,2
-44,71,1
70,-63,1
-45,71,2
69,-65,1
69,-66,4
43,27,1
43,26,1
-46,72,6
43,23,1
68,-67,1
68,-68,1
67,-68,4
-45,70,2
67,-69,3
-47,70,4
70,-66,2
-50,69,2
-48,70,3
69,-68,3
-40,37,1
-43,71,1
-37,71,1
-41,40,1
-32,70,1
-41,43,1
-40,45,3
-32,69,3
-38,46,1
-35,47,4
-33,69,3
-32,47,1
-30,49,2
-34,68,1
-27,50,1
-31,68,1
-26,52,1
-24,52,1
-25,68,1
-21,68,1
-20,50,1
-18,68,1
-16,47,1
-16,67,2
-14,46,1
-13,48,1
-10,61,1
-15,65,1
68,-66,2
42,24,4
-13,64,1
-9,60,1
69,-62,2
67,-59,3
-8,61,1
-15,61,1
67,-58,3
-4,61,1
-16,58,2
-5,58,1
-3,54,1
-16,57,3
65,-60,1
-1,52,1
-15,57,2
-19,57,1
64,-62,1
0,49,1
64,-64,1
-24,55,1
-23,50,1
1,51,1
64,-65,2
63,-67,1
3,52,2
-21,47,1
-22,47,2
-22,46,1
-24,51,1
-26,53,2
-29,55,1
-30,54,2
-31,54,2
-31,53,1
-31,52,5
-32,52,1
-36,57,1
-39,59,1
-43,60,1
-48,59,2
65,-67,1
45,43,1
-47,58,2
4,56,1
45,46,1
65,-65,2
-46,56,1
6,58,1
45,51,2
65,-64,3
7,61,2
64,-63,1
48,52,1
-49,47,1
-51,45,4
-50,41,1
65,-62,1
54,58,2
9,62,1
-48,38,3
66,-63,3
54,59,2
10,63,2
13,63,1
-49,38,3
50,61,1
-50,38,3
15,62,1
-49,40,3
14,63,1
46,61,1
-47,39,3
42,61,2
7,65,1
5,68,1
66,-62,1
43,59,1
-48,39,2
66,-61,1
5,69,1
43,58,1
42,57,1
-49,39,4
6,69,4
-49,41,1
9,70,1
12,71,1
67,-56,1
46,56,1
13,70,1
68,-55,1
69,-54,1
16,68,1
49,54,1
55,41,1
71,-59,1
6,45,2
-49,42,1
58,42,2
70,-61,7
3,48,1
0,51,1
58,41,2
59,42,1
-2,49,1
71,-61,1
-4,48,1
61,42,1
-51,38,1
-7,45,1
69,-61,3
62,42,2
-8,45,1
-50,39,1
-50,40,2
-10,45,1
62,45,1
-12,46,3
61,48,2
-54,35,1
-13,49,1
-12,52,1
-59,37,1
-62,40,1
-12,54,1
62,47,1
67,-63,1
62,46,1
-11,56,1
-60,51,1
70,-62,4
63,44,1
-11,59,2
-12,59,1
63,42,2
-57,55,1
-57,61,1
-14,56,1
71,-62,1
63,39,2
-17,55,2
-20,54,1
-55,70,2
-23,51,1
62,37,3
70,-64,5
-25,49,2
-55,67,1
60,37,1
69,-63,1
-52,63,1
-25,47,1
61,36,1
-26,44,1
-46,58,1
61,35,1
-26,43,1
-46,52,2
-50,48,1
-50,43,1
-46,36,3
-44,34,2
68,-65,6
-26,42,1
-43,33,1
60,47,1
-27,42,1
-42,33,1
59,47,1
-28,37,1
-43,34,2
59,46,2
-30,36,2
-41,35,2
58,48,1
-29,34,3
-29,31,1
-40,35,3
58,49,2
-29,26,2
69,-67,10
-28,21,2
57,48,2
-39,35,1
-24,17,1
-20,15,1
57,51,2
-39,32,2
-36,30,1
-14,16,1
-11,14,1
-36,26,1
57,52,1
-9,11,1
-37,21,2
-7,7,1
-37,20,3
-5,4,3
-4,-1,7
55,52,1
55,49,2
-4,-6,1
-38,21,1
-6,-12,2
-8,-17,1
-42,26,1
-10,-18,1
-47,30,1
-11,-16,1
-49,35,1
-48,36,2
-14,-18,1
69,-69,1
69,-64,1
-13,-19,1
-47,36,3
67,-60,1
-11,-23,2
63,-55,1
-12,-28,1
-11,-27,1
59,-51,1
56,-48,4
-14,-30,1
53,-45,1
-19,-33,1
52,-45,1
-45,36,4
-21,-36,2
-21,-42,2
52,-43,1
52,-42,1
-21,-47,2
-23,-52,11
53,-40,1
52,-36,1
-48,37,2
-22,-53,3
53,-35,3
-47,33,1
-23,-53,6
-43,28,1
-38,27,1
-37,30,1
54,-33,4
-23,-57,2
-22,-60,1
54,-32,6
-20,-62,3
-46,34,1
-46,37,1
-21,-60,1
55,-32,7
-48,40,1
54,49,2
-21,-55,1
-21,-51,1
54,53,1
-52,36,1
54,57,2
-20,-52,1
-55,35,1
-60,38,1
-22,-50,2
54,61,1
54,62,2
-18,-47,1
-62,41,1
-12,-48,1
-7,-50,1
-61,48,1
-2,-52,2
-60,52,2
-58,55,1
-1,-52,3
-58,54,1
-57,54,1
-55,62,1
-50,62,1
56,-30,5
2,-51,1
-47,59,1
54,42,4
55,42,2
6,-51,1
-46,54,1
9,-49,1
57,-30,4
10,-44,1
-49,50,2
8,-40,1
3,-40,1
-52,46,1
-54,45,2
-2,-40,1
-7,-41,1
-55,40,8
58,-30,3
-61,39,5
-12,-38,3
-16,-37,1
-65,37,4
-18,-38,1
-64,30,1
-67,30,1
-22,-37,3
-68,30,2
-27,-36,3
53,43,1
-69,30,3
-32,-37,2
60,-30,5
53,46,1
-36,-38,2
53,51,1
-39,-40,1
53,57,1
-70,30,3
-41,-42,2
-44,-46,2
59,-30,1
53,59,1
-45,-51,5
53,60,1
-43,-56,2
60,-29,1
52,30,2
-47,-55,4
-65,28,1
58,-29,4
52,24,2
-48,-55,4
-64,22,1
-61,20,1
52,22,2
-58,22,1
57,-29,1
-55,27,2
56,-29,2
52,28,1
-53,34,1
55,-29,3
52,33,2
52,37,1
-46,-57,34
52,41,1
-46,-56,8
-46,-52,6
52,46,1
54,-28,2
52,48,1
-39,51,1
52,54,1
-38,56,2
-48,-54,3
53,-30,1
52,59,1
-37,59,1
52,-32,1
52,63,3
-43,-55,3
50,-32,2
-38,61,2
52,64,2
-44,-55,1
47,-32,1
48,-32,1
-38,63,1
-39,63,1
49,-32,5
53,61,1
-47,-56,3
51,-32,1
-32,64,1
-31,66,1
55,53,1
-46,-53,6
-32,67,2
56,52,1
-29,67,1
-28,69,1
-48,-53,2
-28,67,1
-32,65,1
-34,64,1
-37,61,1
-45,-53,3
-38,58,1
-37,53,2
-37,49,1
-48,-57,2
49,48,1
47,-31,1
-34,44,2
46,-29,1
42,46,1
-32,42,6
46,-27,1
-49,-54,1
43,35,2
45,-28,1
-27,44,11
47,32,1
46,-30,2
51,-27,2
-38,-46,1
37,42,1
-31,40,1
51,-28,1
-36,-47,1
35,42,5
-34,35,2
33,42,4
52,-27,5
-35,-50,1
-34,34,2
-35,-52,1
34,42,3
-37,-55,1
35,38,1
-39,-60,1
-34,31,1
37,36,1
-41,-65,1
-32,29,1
34,41,1
62,-28,3
-33,30,2
-44,-66,1
-33,34,1
61,-28,1
-48,-67,1
-52,-65,2
60,-27,3
36,42,3
-57,-63,1
58,-26,1
-28,44,4
40,40,1
57,-26,12
-59,-60,1
-62,-60,1
48,35,1
-62,-62,1
-64,-62,1
-30,40,3
56,31,1
-67,-63,1
60,30,1
60,31,2
-67,-64,2
-34,36,1
-67,-68,1
58,31,1
-31,31,1
-66,-66,1
-63,-63,1
59,32,1
-27,19,1
-63,-59,1
-24,15,3
57,32,1
-60,-57,1
55,34,1
-59,-54,1
55,38,1
53,-24,1
-52,3,1
-25,17,1
49,47,1
48,51,2
-48,4,4
53,-25,3
48,55,1
-32,27,2
-33,33,1
-31,37,2
-30,37,3
-30,38,5
-29,42,2
57,-23,1
58,30,1
61,-27,2
-63,25,1
-62,26,1
55,31,1
-62,28,1
64,-28,1
51,35,1
48,38,1
63,-29,2
-63,32,1
62,-30,1
47,41,1
-60,31,1
-32,40,1
43,42,2
-58,33,1
-33,41,2
62,-32,2
-56,36,1
-33,43,3
38,42,3
60,-32,1
-55,37,1
61,-31,1
-58,41,1
62,-27,4
12,30,1
-33,44,2
-58,38,1
-51,33,2
61,-25,2
-51,27,1
-49,23,1
60,-23,1
52,-25,3
-31,38,4
-32,-7,1
-29,41,3
-29,40,2
54,-23,1
-38,-9,1
55,-22,2
57,-22,2
-31,42,1
-32,41,1
-34,42,1
58,-23,2
-34,45,2
-29,43,1
-38,45,2
56,-23,1
-52,34,2
-28,43,3
-53,28,1
59,-23,2
-57,23,1
60,-24,2
-30,42,1
-62,20,2
62,-25,1
-65,25,1
-65,31,1
-36,41,1
-64,38,1
-35,44,1
-58,40,4
-42,45,1
-43,43,1
-55,39,4
-40,-10,2
63,-36,1
-44,-13,1
63,-39,2
-45,-17,1
-50,37,1
-48,-18,3
64,-40,1
-51,35,1
64,-43,1
-53,-18,2
64,-46,1
-54,32,1
-54,-18,4
-55,-18,6
64,-42,3
-60,21,1
-56,-15,1
-65,22,1
-56,41,2
-52,-22,1
-66,25,1
63,-41,1
-67,28,1
-65,32,2
63,-37,1
-52,-18,3
-64,37,4
62,-35,1
-43,-18,1
60,-34,1
58,-35,1
-60,39,1
-37,-18,1
58,-36,2
-26,-14,1
-54,46,1
-52,48,1
-21,-13,1
-18,-11,2
59,-36,1
-57,40,1
-56,40,5
-46,49,1
60,-37,1
-45,51,1
59,-37,1
-45,50,1
61,-38,1
59,-38,2
-47,49,1
-49,49,4
60,-38,1
60,-39,1
3,8,3
58,-39,1
18,25,1
55,-42,4
22,27,1
-55,42,1
25,31,1
-63,40,1
55,-41,1
28,35,1
32,38,1
55,-44,4
55,-45,2
-64,25,1
-64,33,1
55,-43,1
-62,21,1
-64,28,1
-64,23,1
-58,23,2
39,42,3
-61,21,1
-54,28,1
46,42,4
-51,37,1
56,-45,2
-45,40,1
56,-46,1
-37,44,1
56,-43,1
56,-42,1
56,-44,1
-34,43,2
57,-46,3
-29,44,1
57,-47,1
57,-45,2
-32,39,2
57,-44,1
-29,39,4
58,-48,4
57,-48,1
-32,38,1
57,-49,2
58,-49,1
-33,35,2
57,-43,2
58,-40,1
-33,36,2
0,25,1
-23,17,1
-33,31,1
-32,25,1
-5,22,1
-25,19,1
-26,19,2
-8,21,2
60,-49,2
-28,19,1
62,-47,1
-27,18,2
-26,18,1
-24,16,1
64,-45,1
-21,14,1
-23,15,2
64,-44,1
-27,15,1
-21,11,1
-23,14,1
-29,18,1
63,-42,1
-22,10,1
-31,15,1
-22,12,2
61,-40,1
-22,5,2
59,-40,1
-34,10,1
-26,12,1
59,-41,2
-35,5,1
-22,0,2
-32,13,1
-23,-6,1
-36,8,1
-36,0,1
61,-41,1
63,-43,1
-36,2,1
-38,-5,1
-26,-10,1
63,-45,1
-34,-4,1
-30,-12,1
-31,-10,1
-42,-15,1
-26,-12,1
62,-48,1
-44,-20,2
-30,-15,5
-21,-15,2
-46,-25,1
60,-48,1
-16,-17,2
62,-46,2
-18,-16,1
-49,-30,1
60,-46,1
-28,-18,1
-48,-35,1
-43,-21,1
61,-49,2
-30,-17,1
-34,-21,3
-35,-22,1
57,-41,1
-54,-16,3
-35,-24,1
-47,-34,1
-39,-28,2
-54,-17,3
60,-41,1
-46,-32,1
-41,-33,4
-51,-18,2
61,-43,1
-45,-28,1
61,-44,1
-49,-18,1
-43,-29,2
-42,-28,1
-45,-18,1
-43,-31,1
-38,-34,1
-44,-23,1
59,-49,1
-39,-34,2
-43,-25,3
-39,-35,1
-43,-30,1
-43,-26,1
-39,-33,2
-42,-27,2
-46,-31,2
-44,-33,1
-47,-30,1
-42,-30,1
58,-50,1
-39,-31,1
-40,-31,1
58,-53,1
-48,-29,1
-36,-27,1
-38,-30,1
58,-55,1
-48,-33,1
-36,-28,2
-34,-27,2
58,-58,1
-47,-39,1
-34,-31,1
-46,-43,1
59,-58,1
-35,-33,1
59,-57,1
-44,-47,6
-37,-36,1
58,-56,1
-40,-35,2
-44,-52,3
-40,-39,1
58,-52,1
-42,-37,1
-43,-41,2
58,-54,1
-44,-39,2
-42,-39,1
-38,-38,2
-31,-36,3
-28,-34,2
-28,-33,2
-31,-35,1
-35,-38,1
-33,-36,2
-23,-31,1
-25,-33,2
-30,-34,2
-29,-38,1
56,-58,4
-29,-34,1
-32,-35,1
-31,-33,1
57,-55,1
-43,-42,1
-35,-39,6
-37,-41,2
57,-52,1
57,-51,4
-40,-42,4
57,-50,1
-43,-44,1
-44,-50,3
55,-48,1
54,-48,6
53,-48,3
-45,-57,2
52,-49,2
52,-48,3
-47,-57,2
51,-48,7
48,-46,1
49,-47,1
48,-47,3
-44,-53,3
-44,-49,11
47,-47,1
46,-46,1
-41,-45,1
45,-47,2
-45,-44,1
44,-47,4
-37,-42,1
43,-47,1
-33,-45,1
-35,-46,1
-35,-44,1
-38,-47,1
-38,-41,2
-41,-41,1
-40,-45,4
-41,-46,1
-46,-40,1
-33,-47,1
-51,-44,1
46,-47,2
-32,-50,1
-42,-52,2
-55,-49,1
-32,-52,1
-42,-54,3
-54,-54,1
47,-46,1
-33,-51,1
-50,-60,1
-46,-64,1
-44,-67,1
-43,-52,1
-43,-67,1
47,-48,2
-47,-67,1
-44,-51,2
44,-48,2
-41,-54,1
45,-48,2
-57,-66,1
-43,-57,1
49,-48,3
-62,-65,1
-45,-56,3
-42,-56,6
-69,-64,1
-67,-66,1
53,-47,2
-64,-63,1
-42,-57,1
48,-48,1
-64,-57,1
-67,-53,1
-63,-49,1
43,-48,1
-60,-45,1
-58,-44,1
48,-49,2
-52,-44,1
50,-49,1
-43,-45,2
-50,-44,1
-42,-43,2
-44,-43,2
-22,-55,1
-43,-43,2
-41,-44,3
-24,-57,2
-35,-43,1
46,-49,1
-39,-44,1
-33,-38,1
-30,-37,6
-36,-42,1
-34,-40,1
-23,-54,7
-34,-37,2
-31,-38,6
-24,-47,1
-30,-39,3
-31,-39,3
-42,-44,2
-32,-43,3
-29,-46,4
-43,-46,4
-23,-48,5
-23,-49,1
49,-49,3
-27,-47,3
-30,-47,4
47,-50,3
-28,-46,6
-34,-38,1
-31,-37,4
-27,-37,5
-25,-45,3
45,-51,1
-22,-43,3
-27,-38,3
44,-52,1
-26,-37,5
45,-54,1
45,-53,1
-29,-37,6
46,-52,1
-28,-35,4
-18,-39,1
-30,-36,2
-16,-34,1
-36,-39,1
-15,-27,1
-37,-40,1
51,-49,2
-12,-22,1
-13,-25,1
-40,-43,1
-18,-29,1
53,-49,1
54,-50,2
-23,-32,2
52,-50,4
-24,-33,1
-35,-41,1
-32,-42,1
50,-50,1
-31,-43,3
-30,-35,1
51,-50,2
-36,-34,2
-32,-44,2
53,-50,2
-31,-41,5
-31,-42,3
-38,-32,1
-33,-43,1
-30,-42,5
-30,-45,3
51,-51,2
-32,-45,1
52,-51,2
-36,-41,2
53,-51,2
55,-52,1
50,-51,1
-39,-43,4
-42,-45,1
-42,-41,1
-39,-37,1
-40,-32,1
-39,-26,1
-37,-20,1
-42,-19,1
55,-56,1
55,-57,2
-47,-18,1
54,-57,2
-44,-48,3
-46,-18,1
54,-58,1
-41,-43,3
53,-59,1
-40,-19,1
52,-58,1
50,-58,2
-28,-24,2
-34,-41,2
-22,-25,1
49,-58,2
48,-58,1
-15,-22,1
-9,-21,1
-6,-25,1
46,-53,2
-33,-42,1
0,-26,1
-33,-44,1
0,-31,1
-33,-41,1
47,-54,1
0,-38,2
0,-45,2
47,-56,2
48,-57,1
0,-52,1
0,-60,3
50,-57,1
50,-59,1
0,-66,4
0,-67,4
51,-61,1
-27,-39,2
52,-61,2
-30,-38,4
0,-68,18
51,-60,1
-26,-38,2
52,-60,1
51,-59,1
-26,-35,3
-29,-36,3
-30,-40,6
47,-55,1
47,-52,1
54,-53,1
-18,-35,1
-17,-34,2
56,-56,1
55,-55,1
1,-68,9
37,-63,3
-17,-33,1
-20,-32,1
36,-61,2
-33,-39,1
-24,-34,1
35,-61,1
-26,-34,1
0,-72,3
-29,-33,2
36,-62,1
-25,-34,3
0,-73,4
0,-70,3
-24,-31,3
38,-63,1
-15,-25,1
0,-69,2
1,-67,3
38,-62,2
-11,-22,1
-20,-29,1
-8,-19,1
37,-61,2
16,-15,1
1,-19,4
34,-53,1
35,-53,2
22,-14,1
28,-12,1
1,-70,1
37,-52,3
33,-10,1
0,-76,5
38,-52,3
0,-83,1
38,-8,1
-1,-86,1
44,-7,1
49,-6,3
39,-52,1
-2,-91,2
52,-5,1
42,-53,1
-8,-93,1
-14,-93,1
42,-55,1
48,-7,1
44,-8,1
42,-57,1
-20,-91,1
-20,-85,1
40,-9,1
43,-57,1
-14,-85,1
42,-54,1
34,-11,1
-9,-84,1
41,-53,1
9,-16,3
29,-12,3
-11,-84,1
23,-14,1
40,-52,1
18,-15,1
-15,-84,6
13,-16,1
12,-16,1
36,-53,1
11,-16,2
-20,-87,1
34,-54,1
34,-57,1
12,-17,3
7,-18,2
-19,-93,1
34,-58,1
-12,-93,1
-6,-93,1
0,-91,2
1,-96,1
4,-18,3
14,-15,1
1,-99,2
1,-97,1
20,-14,1
37,-60,1
26,-13,1
1,-100,1
36,-60,1
2,-96,1
36,-59,3
5,-99,2
9,-100,1
1,-94,1
35,-58,1
32,-11,2
0,-88,1
0,-81,1
38,-9,2
37,-59,2
43,-8,1
36,-58,3
4,-20,1
54,-5,1
0,-24,1
-2,-60,1
-6,-54,1
59,-3,1
-4,-27,1
38,-59,2
64,-1,2
-10,-49,1
37,-58,2
-9,-50,2
-11,-34,2
69,0,2
-15,-38,1
74,0,1
80,0,3
-19,-38,2
-13,-47,1
86,0,4
-17,-42,1
-18,-42,2
91,0,2
40,-58,2
96,-1,1
-21,-46,1
-26,-47,3
100,-2,1
-28,-36,2
41,-57,1
99,-1,1
-28,-37,4
40,-57,1
99,0,1
-28,-38,4
39,-57,1
97,1,1
-31,-40,2
37,-57,2
-30,-44,4
100,1,1
37,-53,1
-29,-44,1
99,-2,2
99,-7,2
37,-47,1
99,-9,2
40,-42,1
101,-9,2
44,-40,1
101,-8,1
-34,-39,1
47,-36,2
45,-34,1
-34,-33,3
101,-10,4
44,-34,1
43,-33,2
102,-10,1
40,-29,1
103,-10,2
41,-27,1
44,-26,2
49,-27,1
-30,-43,3
98,-10,1
51,-26,1
-26,-44,4
97,-10,1
51,-25,1
-27,-46,1
-23,-44,1
96,-10,1
-26,-46,3
-21,-43,3
95,-10,4
-24,-44,1
52,-24,2
-21,-41,1
-25,-39,1
-24,-39,2
57,-21,1
-25,-37,3
-25,-36,2
59,-21,1
94,-9,1
58,-22,2
-29,-35,1
98,-8,3
99,-5,1
-28,-39,1
95,-2,1
59,-22,1
92,-2,1
90,-1,1
61,-23,1
93,0,2
62,-24,1
63,-25,1
-29,-42,1
98,0,2
-29,-43,1
99,5,1
63,-26,3
99,9,2
64,-26,3
93,11,2
-30,-41,3
-27,-44,3
65,-26,1
89,12,5
-26,-45,3
66,-28,2
90,16,2
-22,-42,2
-29,-45,3
95,18,1
98,22,5
100,26,2
-26,-36,3
-23,-43,4
66,-23,1
105,27,2
65,-20,1
110,25,1
-23,-51,15
62,-21,1
114,29,1
114,32,1
63,-18,1
-27,-45,5
64,-19,1
114,33,3
64,-18,1
-22,-47,3
-19,-45,1
118,35,2
63,-15,1
121,34,1
-15,-41,1
61,-15,8
121,36,1
-12,-36,1
-20,-48,4
-9,-32,3
115,32,1
113,28,1
61,-14,2
98,5,2
-9,-31,2
94,2,1
-7,-26,3
88,1,1
-4,-20,1
-1,-15,1
83,1,1
0,-9,2
77,1,2
-3,-2,9
60,-14,1
-41,-49,1
79,0,1
59,-14,1
0,9,1
85,0,1
59,-13,3
-39,-50,1
-42,-48,1
90,0,3
4,15,2
95,3,1
8,21,1
-46,-49,1
59,-12,1
-48,-51,1
96,3,3
12,27,1
60,-12,9
97,3,1
-50,-52,1
18,31,1
23,34,1
95,2,1
-49,-56,1
28,36,1
-47,-59,1
96,10,2
29,39,2
-44,-60,1
-44,-59,1
91,10,2
88,12,4
31,40,1
-41,-58,1
-39,-55,1
85,12,4
-39,-52,1
86,12,2
61,-11,2
90,13,1
62,-11,1
90,18,1
61,-10,4
95,19,3
43,41,1
42,40,2
101,33,1
98,37,1
63,-10,1
44,34,1
43,31,1
60,-11,1
96,41,2
-42,-55,8
43,29,1
92,40,1
91,35,1
44,28,2
60,-13,1
87,33,1
45,28,1
82,33,1
56,-12,2
46,28,1
80,31,1
81,28,2
49,31,1
85,27,1
53,-12,1
49,-16,1
88,28,1
53,31,2
85,26,1
46,-14,3
84,22,1
84,16,1
48,34,1
44,38,3
84,12,2
86,13,1
32,39,1
89,15,1
30,34,1
89,13,1
29,28,1
29,21,1
26,16,1
84,13,6
28,11,1
82,17,1
31,7,1
82,22,3
84,25,1
34,3,1
37,-2,1
83,25,3
79,26,1
34,-14,1
79,30,3
78,34,2
30,-19,1
81,35,1
29,-23,1
32,-25,1
86,34,1
90,38,2
-43,-53,2
47,-15,1
37,-25,1
46,-17,2
93,42,1
37,-23,1
39,-21,1
-43,-54,2
48,-17,4
41,-19,1
98,41,1
-42,-53,7
94,42,1
43,-18,1
49,-17,1
43,-21,1
50,-16,3
44,-25,1
86,35,1
80,35,2
79,40,3
50,-17,3
48,-28,1
53,-31,1
80,46,1
56,-34,1
79,50,1
56,-40,1
80,52,1
54,-47,1
85,51,1
90,51,1
96,51,1
62,-56,1
47,-17,1
98,51,1
65,-61,1
103,50,1
48,-18,1
49,-18,2
108,51,1
112,51,1
67,-65,1
50,-18,1
117,51,1
63,-61,1
63,-59,1
122,51,1
51,-18,3
122,50,1
50,-19,1
61,-55,1
126,50,2
130,51,1
56,-51,1
132,53,1
52,-17,4
132,52,1
131,55,1
53,-42,1
55,-38,1
130,60,1
130,66,1
56,-37,1
131,72,1
53,-16,1
59,-33,1
132,74,1
54,-15,1
59,-25,2
138,74,1
55,-15,2
56,-14,1
143,74,1
154,76,3
155,80,1
46,-19,1
152,82,1
44,-22,1
55,-20,1
147,82,1
141,82,1
47,-22,1
52,-29,1
135,82,1
48,-25,1
49,-28,1
131,82,1
52,-34,1
53,-37,2
130,85,1
54,-36,1
130,89,2
53,-38,1
127,90,1
-43,-49,2
54,-37,4
52,-38,1
53,-36,1
123,91,5
122,91,3
53,-34,2
130,93,3
51,-37,1
55,-35,4
52,-37,3
130,94,1
130,95,1
130,98,1
51,-36,1
46,-39,1
41,-42,1
38,-44,1
37,-44,2
34,-45,1
130,104,1
38,-46,1
32,-44,1
134,106,2
138,103,2
35,-50,1
30,-40,1
32,-47,2
27,-37,1
139,97,3
140,98,1
27,-35,2
29,-43,1
142,99,1
25,-39,1
28,-33,1
139,99,2
27,-32,1
22,-32,1
28,-36,1
140,94,1
25,-32,1
143,92,1
16,-31,1
24,-31,1
148,92,1
10,-32,1
21,-30,1
3,-33,1
153,91,1
155,94,2
1,-33,1
15,-30,1
156,98,2
-2,-31,1
8,-30,2
2,-30,1
162,99,1
-8,-30,1
164,99,2
-13,-35,1
-4,-29,1
-17,-39,1
-10,-32,1
-15,-36,3
159,100,1
-22,-41,2
-23,-42,2
154,94,2
-24,-45,1
179,91,1
-16,-36,1
-20,-38,3
176,91,1
174,91,2
-29,-39,2
-19,-42,1
-25,-44,2
173,91,2
-28,-44,1
169,90,1
-20,-47,2
164,89,2
-18,-44,2
163,84,3
-18,-43,1
184,84,1
-22,-39,1
-16,-38,1
-23,-40,2
185,83,1
-23,-39,3
183,83,4
178,82,2
-9,-27,1
-8,-21,1
176,82,2
-4,-15,1
4,-5,2
172,82,3
-24,-30,1
11,0,2
18,-1,1
169,82,3
-20,-24,1
24,-2,1
-19,-23,1
164,82,2
31,-4,1
-21,-22,1
163,78,2
163,76,1
-22,-21,1
38,-4,1
-24,-19,4
44,-4,1
163,81,1
45,-5,3
162,83,1
159,97,1
-19,-15,3
-20,-33,1
50,-4,1
-18,-15,5
56,-4,1
-19,-29,1
161,98,1
-17,-14,3
63,-3,1
-16,-26,1
156,97,1
154,92,3
-13,-24,1
149,91,1
77,0,1
84,0,3
144,91,1
-12,-25,1
-15,-15,1
139,93,1
-13,-30,1
-16,-15,1
-17,-16,1
-17,-35,1
139,98,2
87,0,3
-16,-24,1
125,90,2
-28,-45,3
123,90,3
-19,-21,2
-20,-17,1
122,90,2
123,92,1
99,-8,1
125,91,2
99,-10,2
129,90,3
117,83,1
99,-4,1
115,78,2
-21,-16,2
119,76,1
-21,-18,1
94,0,1
122,72,1
-20,-15,3
89,0,3
123,67,1
123,61,1
91,51,2
-13,-20,1
-15,-20,1
98,9,1
-18,-25,1
85,1,3
-23,-36,1
82,2,1
83,0,2
-17,-23,1
-15,-23,1
85,2,1
78,0,5
-14,-21,1
81,1,1
-14,-19,1
79,1,2
-20,-19,1
86,-44,1
-21,-21,1
-20,-22,1
75,0,3
83,-25,1
83,-21,1
-22,-19,2
69,-1,2
62,-3,1
83,-17,1
83,-18,1
55,-5,1
83,-24,1
49,-4,1
82,-29,1
81,-35,1
56,-3,1
63,-2,2
-17,-15,1
80,-40,1
80,-43,4
76,0,3
81,-44,3
-13,-22,1
-10,-27,1
79,-48,2
80,-52,1
97,-2,1
-9,-30,1
79,-56,1
-8,-33,2
94,-10,1
79,-60,2
-8,-31,1
79,-64,1
-7,-30,2
91,-14,1
79,-68,2
-6,-32,1
91,-21,1
79,-66,2
90,-28,2
90,-35,1
-9,-34,2
91,-42,1
79,-55,1
-13,-38,2
87,-45,2
-16,-43,1
79,-49,1
82,-44,4
79,-46,1
-18,-46,1
80,-46,2
80,-44,1
79,-47,2
-19,-36,2
80,-51,1
80,-53,6
79,-52,1
-27,-26,1
84,-54,1
-28,-25,2
79,-54,1
89,-53,1
95,-53,1
-66,0,2
92,-53,1
-69,2,1
87,-53,1
79,-53,2
-70,2,1
78,-57,1
79,-57,1
78,-60,1
80,-62,1
78,-61,1
79,-74,2
79,-65,1
79,-77,3
79,-69,1
81,-76,1
-22,-48,3
-69,0,1
81,-79,2
80,-77,2
76,-78,2
-66,-5,1
77,-78,1
77,-79,1
-64,-1,1
76,-79,1
-65,0,2
75,-81,3
74,-87,1
75,-86,2
73,-93,1
-68,0,2
-69,-2,1
68,-91,1
72,-91,1
66,-86,2
-65,-3,1
67,-91,2
61,-83,1
-62,0,2
-22,-45,1
61,-84,2
59,-79,3
-65,1,1
-71,0,3
65,-77,2
60,-79,1
-24,-42,2
-72,0,2
62,-78,1
60,-77,1
60,-76,1
-24,-43,4
59,-81,1
59,-76,1
55,-83,1
57,-84,1
51,-85,1
47,-84,1
50,-85,1
44,-85,1
42,-84,1
36,-84,1
37,-85,1
30,-84,1
-67,0,2
31,-85,1
27,-83,1
-64,0,4
24,-84,1
17,-85,1
22,-84,1
19,-87,1
13,-84,1
18,-86,1
18,-93,1
18,-98,1
19,-92,1
-70,1,2
18,-104,1
18,-99,1
-69,-1,1
17,-106,1
19,-109,1
24,-108,4
19,-111,2
26,-107,1
-61,0,1
19,-115,4
26,-105,1
20,-112,1
-65,2,1
27,-105,2
23,-110,1
29,-101,2
27,-106,1
-78,0,1
33,-100,1
-25,-43,2
-85,0,1
34,-99,2
-92,0,1
-22,-44,1
-98,0,1
34,-95,1
33,-96,1
-100,-3,1
34,-94,1
37,-93,1
38,-92,1
-100,-9,2
37,-97,1
-99,-11,1
37,-96,1
39,-98,2
39,-99,1
-98,-12,1
40,-99,1
43,-99,1
-93,-11,2
47,-100,1
44,-100,1
-94,-11,1
49,-99,1
50,-101,1
50,-105,1
-92,-15,1
50,-103,1
-92,-20,1
49,-107,1
51,-107,1
51,-110,2
51,-109,1
-92,-22,1
-93,-28,1
49,-110,2
50,-113,1
-93,-35,1
50,-116,1
44,-108,1
50,-114,1
-93,-42,1
-93,-48,1
38,-108,1
48,-110,1
44,-109,1
-95,-52,1
35,-109,1
41,-109,1
34,-115,1
-100,-54,1
-100,-60,1
34,-122,1
36,-110,1
35,-114,1
-100,-68,1
34,-129,1
35,-119,1
34,-127,1
-100,-74,1
34,-121,1
34,-118,2
-103,-76,1
32,-116,1
-110,-76,1
29,-116,1
26,-117,1
23,-115,1
-117,-76,1
-123,-77,1
21,-117,1
-124,-83,1
15,-116,1
18,-118,1
13,-118,1
-124,-88,1
11,-115,1
5,-116,1
9,-116,1
-124,-91,1
3,-117,1
-124,-92,1
4,-116,1
3,-123,1
2,-119,1
-118,-93,1
-111,-93,1
1,-124,2
2,-124,2
0,-123,2
-110,-92,1
1,-125,1
-109,-92,1
-1,-123,1
0,-125,2
-109,-89,1
0,-124,3
-4,-125,3
-109,-86,1
-3,-126,1
-109,-90,1
-8,-125,1
-10,-124,1
-9,-125,2
-108,-86,1
-12,-124,2
-103,-86,1
-97,-85,1
-12,-123,1
-15,-124,1
-12,-125,2
-92,-84,1
-19,-124,1
-17,-124,1
-89,-85,1
-21,-124,4
-83,-85,1
-20,-123,1
-20,-119,1
-84,-88,2
-18,-116,2
-21,-120,1
-17,-117,1
-85,-85,1
-13,-108,1
-16,-117,1
-71,-84,1
-64,-84,1
-12,-114,4
-19,-43,3
-12,-111,1
-15,-39,1
-61,-86,1
-13,-112,1
-11,-114,1
-61,-92,1
-11,-35,2
-60,-99,1
-14,-117,1
-14,-116,2
-6,-26,1
-18,-118,1
-55,-100,1
-19,-117,2
-54,-100,1
-20,-121,1
-3,-23,2
-20,-122,2
-22,-124,1
-54,-99,1
1,-20,2
-28,-123,2
-24,-125,1
-53,-94,1
5,-17,1
-52,-87,1
-30,-118,2
-27,-122,1
10,-15,1
-34,-117,1
12,-14,2
-47,-85,1
-36,-112,1
-46,-79,1
-35,-116,1
-39,-109,1
-46,-78,1
-36,-111,1
-43,-109,1
-47,-77,2
-40,-109,2
-44,-111,2
-45,-115,2
-44,-77,1
-50,-117,3
-45,-117,1
-39,-77,1
-32,-77,1
-50,-116,1
-52,-121,4
-25,-77,1
-52,-122,2
-52,-126,2
-51,-130,1
23,-9,1
-52,-128,1
-23,-78,1
-49,-133,1
29,-9,1
-48,-132,2
-27,-77,1
-45,-131,1
-44,-132,1
-32,-78,1
-44,-129,1
34,-16,1
-37,-77,1
-44,-127,2
-43,-126,1
34,-21,1
-43,-78,1
36,-27,3
-45,-82,1
-40,-125,1
-41,-124,1
-37,-127,1
-36,-125,3
-36,-126,1
-36,-132,1
-47,-79,1
-45,-83,1
-36,-129,2
-36,-137,1
-37,-140,1
-40,-84,1
-34,-85,1
-36,-133,1
-40,-140,1
-29,-85,1
-46,-140,1
-38,-138,1
-52,-139,1
-29,-91,1
-41,-141,1
-48,-141,1
-35,-93,1
-57,-140,2
38,-30,1
-55,-140,1
-36,-97,1
-60,-138,3
-38,-100,1
-62,-133,1
-43,-100,2
-67,-133,1
-63,-133,1
49,-40,1
-69,-132,1
-44,-95,1
-73,-133,3
-42,-100,1
-76,-136,1
-76,-133,1
50,-46,1
-78,-139,1
-79,-140,3
-36,-100,2
-83,-141,1
-29,-102,1
-84,-141,1
-85,-147,2
-28,-108,1
-27,-108,2
-86,-153,1
-86,-154,1
-87,-156,2
-88,-157,1
-92,-156,1
-92,-155,1
-93,-149,1
-92,-154,1
-93,-150,1
-99,-149,1
-95,-149,1
-105,-149,1
-23,-108,1
-109,-154,1
-101,-149,1
-21,-104,2
-106,-149,2
-110,-158,1
-108,-154,1
-17,-100,2
-112,-160,2
46,-55,1
-11,-100,1
-110,-159,1
-117,-158,1
-115,-159,2
-6,-100,1
-116,-160,1
0,-98,1
0,-95,1
-110,-160,1
-109,-165,1
-109,-168,1
-109,-163,1
-3,-93,1
-108,-163,1
-9,-93,1
-110,-163,1
-109,-161,1
-109,-159,1
-17,-93,1
-109,-153,1
24,-25,1
-20,-90,3
-109,-155,1
25,-22,2
-108,-150,1
-19,-84,1
-100,-149,1
-102,-148,1
-95,-148,2
-13,-82,2
26,-20,3
-91,-151,2
-17,-85,1
-20,-89,1
-91,-156,1
-90,-156,1
-85,-153,1
-15,-92,1
-84,-148,1
-85,-152,1
-8,-91,1
-84,-143,2
-83,-148,2
0,-86,1
-76,-138,1
0,-80,1
-76,-134,1
2,-66,1
-76,-137,2
-70,-132,1
7,-65,1
-64,-133,1
-61,-136,1
10,-64,1
-68,-132,1
12,-64,1
-62,-132,1
16,-63,1
-50,-141,1
-43,-140,1
17,-63,1
-56,-139,1
17,-62,1
-37,-138,1
37,-1,1
-50,-139,1
-35,-132,1
22,-59,1
-45,-140,1
41,2,1
25,-53,1
-39,-141,1
43,5,1
-37,-136,1
27,-47,1
38,3,1
33,1,1
-33,-124,1
-37,-129,1
31,-43,1
27,0,1
-30,-124,1
-34,-124,1
21,1,1
-25,-124,1
-28,-124,1
36,-44,1
36,-43,1
18,6,1
-21,-125,2
-17,-125,2
-21,-119,2
32,-41,1
20,10,1
32,-38,1
21,14,1
-20,-117,1
31,-35,2
17,17,1
13,20,1
-15,-118,1
-11,-117,1
30,-32,1
-10,-116,1
30,-31,1
-6,-115,1
-6,-118,1
-4,-110,3
29,-29,2
-5,-113,1
12,9,1
-2,-109,1
-3,-108,1
-2,-108,1
12,10,1
31,-26,1
-1,-109,1
9,15,2
33,-20,1
-3,-110,1
7,19,1
2,-107,1
32,-18,1
7,24,3
29,-19,1
7,-108,2
2,-109,1
28,-19,1
7,29,1
11,-107,2
10,-104,2
8,-108,1
9,-101,1
0,35,1
30,-20,1
9,-107,1
9,-102,1
32,-19,1
6,-101,1
-2,33,1
6,-102,1
27,-19,1
1,30,1
4,-101,1
2,29,2
23,-22,1
2,-102,1
1,-98,1
24,-23,10
0,-92,2
3,-101,1
4,28,1
0,-89,1
0,-97,2
-1,-83,1
5,28,1
25,-24,1
0,-87,1
10,27,1
1,-81,1
-3,-66,1
-1,-72,1
-6,-63,1
-8,-57,1
-4,-64,1
-9,-54,2
-8,-59,1
-12,-49,1
-17,-47,1
25,-21,1
27,-13,1
-11,-49,1
-16,-47,1
26,-18,9
24,-19,1
-19,-44,1
23,-18,2
-20,-44,1
-20,-40,1
-18,-45,1
19,-16,1
-21,-44,1
12,-12,1
6,-11,1
-25,-46,1
0,-12,2
-32,-38,1
-7,-14,1
-29,-40,1
-12,-15,1
-24,-38,1
-17,-12,1
-23,-9,1
-24,-37,1
-24,-4,1
-14,-38,1
-20,0,1
-11,-42,2
-28,-47,1
-20,2,1
-10,-38,1
-30,-46,1
-22,9,1
-10,-35,2
-7,-31,1
-25,15,1
-23,19,1
-21,23,1
-7,-35,1
-8,-34,1
-20,28,2
-10,-34,1
-19,28,1
-27,-42,1
-24,27,1
-29,-41,1
-27,30,2
-11,-41,1
-29,32,1
-9,-43,1
-27,33,1
-10,-43,1
-24,36,1
-11,-43,1
-20,38,1
-12,-42,2
-15,40,1
-14,43,1
-12,-41,1
-11,50,1
-10,-44,1
-9,-44,1
-9,48,1
-23,-38,1
-7,49,1
-8,-45,1
-4,-43,2
-7,53,1
-1,-40,1
-8,54,1
-14,55,1
0,-36,1
-2,-33,1
-16,55,1
-5,-31,2
-16,54,1
-14,53,1
-6,-30,1
-19,-39,1
-15,52,1
-15,53,1
-10,-36,1
-14,-39,1
-8,-39,1
-10,-42,1
-15,54,2
-5,-43,1
-10,-37,1
-13,55,1
-6,-43,1
-4,-41,1
-7,-33,2
-8,60,1
-3,-39,1
-5,64,3
-5,65,1
-5,-32,1
0,-32,1
-5,-33,1
3,-27,1
-5,62,2
-4,-34,1
-4,-37,1
4,-25,2
-1,60,1
-3,-36,1
4,62,1
4,68,5
3,-25,1
-9,-36,1
1,-24,3
-18,-41,1
0,-23,1
-2,-22,1
3,-20,2
-24,-41,1
-25,-38,1
3,-19,1
4,-16,1
3,69,4
-4,-8,1
-10,-4,1
-16,0,1
-21,4,1
-24,11,2
-26,17,1
-29,24,1
-33,29,1
-32,37,1
-34,32,1
-31,30,4
-32,24,2
4,60,1
-5,45,1
-32,26,1
36,-33,1
-7,42,1
-31,28,4
37,-33,2
-22,-33,3
-30,28,6
-11,38,1
-31,25,4
37,-34,2
-26,-33,1
38,-34,5
-39,-46,1
-30,34,1
-29,33,1
-27,35,1
-23,36,1
-22,36,1
-21,39,1
-20,40,1
-16,41,1
-16,46,1
-15,41,1
-16,45,1
-19,51,1
-18,54,1
-19,50,1
38,-35,1
-15,55,2
-21,54,1
-18,60,1
-18,59,1
-18,57,1
39,-34,4
-17,56,1
-17,57,3
-15,58,1
41,-34,3
-14,60,2
-10,60,1
-41,-39,1
42,-34,2
-11,60,2
-12,61,1
-41,-34,1
-40,-29,1
-8,65,1
-7,63,1
40,-34,2
-4,64,1
-8,62,1
-2,64,2
-3,61,1
-4,67,1
2,62,1
-1,68,1
39,-35,1
2,66,1
2,69,3
1,68,4
-56,-17,1
3,68,5
39,-36,4
-55,-19,1
-56,-20,2
-53,-20,3
3,70,3
2,68,3
3,71,2
1,66,3
37,-29,1
2,64,6
-54,-22,1
1,69,1
-55,-22,1
3,63,1
-53,-21,1
2,71,1
28,-21,1
3,74,5
3,72,1
2,65,3
28,-16,1
2,74,1
25,-12,1
-56,-14,2
1,78,8
20,-12,1
18,-12,1
2,77,12
15,-8,1
14,-2,1
1,79,4
-6,8,2
-52,-2,1
-43,13,1
-34,15,1
2,78,1
2,80,1
-37,15,2
3,79,2
-40,12,1
3,78,2
-37,12,1
-33,13,1
-32,16,4
3,80,1
0,81,3
0,87,2
2,76,1
3,75,1
3,77,5
1,75,2
-49,19,1
-22,13,1
-50,21,1
4,63,1
-51,24,6
-17,14,1
5,61,2
-12,14,2
6,59,1
10,60,1
4,55,1
-10,10,2
2,52,1
12,60,1
2,51,1
12,56,1
4,47,2
7,56,2
6,42,1
5,55,2
7,37,1
8,31,1
3,54,1
-50,28,5
1,50,1
6,17,1
4,4,5
5,43,1
5,15,2
7,38,1
-4,6,1
-53,29,1
7,32,1
3,11,2
-7,4,1
6,26,1
-54,33,1
2,9,1
-10,3,1
5,9,1
-57,35,1
6,24,1
-61,38,1
-13,1,1
5,19,1
-64,42,1
3,12,4
12,2,2
-17,0,1
-20,1,1
11,-2,3
5,5,5
-64,45,1
8,-7,1
-22,4,1
-62,50,1
8,1,1
12,-3,1
4,-8,1
-61,51,1
2,-8,1
-22,3,2
10,-5,3
-23,2,1
-59,55,1
6,-7,1
-2,-6,1
-59,58,1
-28,0,2
-4,-2,2
-32,-1,2
-60,58,1
-33,-3,2
-32,-4,3
-53,68,1
-31,-6,1
-5,-1,2
-52,70,1
-53,69,1
-27,-6,1
-5,0,3
-22,-5,1
-17,-3,1
-11,-1,1
-48,63,1
2,16,1
-43,57,1
6,22,1
-42,54,1
-39,53,1
6,28,1
4,34,1
-36,53,1
7,39,2
6,1,1
4,-4,4
2,61,1
-47,48,1
2,-5,1
-47,46,1
-47,42,1
-45,38,1
2,73,1
1,77,2
-44,33,1
-10,-5,1
0,78,13
-13,-8,1
0,77,6
0,74,1
-16,-10,1
-31,19,1
-21,-14,2
-27,-18,1
-33,14,1
-36,10,1
-32,-21,1
-37,-24,1
-37,4,1
-38,-31,1
-40,-36,1
-44,-41,1
-43,-6,1
-39,-38,1
-35,-34,1
-33,-29,1
-26,-20,1
-23,-14,1
-17,-11,1
-11,-9,1
-8,-7,3
-31,-21,1
-6,-5,1
-7,-3,3
-25,-18,1
-11,-7,3
0,84,1
-10,-1,1
0,86,2
-13,-1,2
0,95,1
6,3,3
7,5,1
-15,-1,1
-1,98,1
0,96,1
-13,-2,1
4,98,1
-12,-3,6
12,98,1
9,94,1
1,86,1
-11,-5,1
0,82,3
-6,-1,1
-6,0,2
-11,-2,1
-7,-2,1
8,56,1
20,48,1
25,44,1
7,4,3
5,4,4
43,52,1
5,-4,5
7,9,1
38,54,1
13,12,1
16,18,1
20,23,1
22,29,1
37,52,2
42,51,1
24,33,1
41,48,2
27,38,1
41,46,1
31,42,1
3,5,2
31,43,2
41,43,1
42,39,1
30,43,1
27,43,2
4,8,8
30,44,1
46,46,1
46,50,1
49,52,1
41,42,1
49,55,1
48,48,1
45,50,1
3,10,1
48,61,3
48,50,3
5,14,1
10,18,1
47,53,1
52,60,1
11,23,2
50,57,1
49,57,1
48,54,1
51,51,1
21,28,1
51,46,1
29,37,1
21,27,1
26,31,1
57,41,2
24,28,1
53,42,1
48,42,1
23,23,1
47,39,1
23,17,2
20,14,1
18,9,2
47,31,1
14,4,2
8,0,2
47,43,1
48,49,1
6,6,1
16,21,1
5,-1,4
50,44,1
4,5,4
9,0,1
10,0,2
11,1,1
11,4,1
56,44,1
7,7,1
58,43,1
55,44,1
51,44,1
7,-5,1
-6,7,1
7,-6,1
51,48,1
-9,10,1
49,51,1
-4,4,2
4,-3,1
-9,9,1
5,2,1
12,-1,3
-4,2,1
12,-2,1
41,44,1
7,0,1
40,52,1
12,8,1
6,-1,1
13,13,2
6,-6,2
37,54,1
15,18,1
11,-9,1
4,10,3
33,38,1
6,9,2
3,-4,1
33,33,1
8,13,1
9,13,1
32,44,1
32,32,2
32,43,1
4,-7,1
31,29,1
10,16,1
6,-9,1
32,40,1
33,26,1
9,-11,1
12,18,1
32,36,1
34,26,1
16,20,2
30,32,1
12,-10,1
28,30,1
32,31,1
12,-5,1
26,32,1
13,0,2
33,32,1
19,18,1
22,17,4
25,36,1
33,37,1
27,39,2
34,47,1
25,41,1
21,15,1
32,54,1
25,17,1
24,18,1
27,37,1
22,15,3
33,54,1
31,51,1
31,34,1
25,15,1
29,50,1
31,35,1
24,14,1
23,13,11
22,13,3
26,33,1
31,50,1
22,16,2
21,16,2
24,17,1
10,45,1
24,15,5
10,49,1
10,54,1
5,64,1
25,14,2
4,65,1
24,13,2
25,13,1
27,12,2
25,12,1
30,9,1
35,5,1
35,4,1
34,4,1
35,0,5
23,14,1
18,15,1
27,9,1
36,0,1
31,1,1
48,0,1
37,0,1
42,0,1
49,-2,1
43,-2,1
6,68,1
50,-3,1
55,-3,1
62,-2,1
6,70,1
57,-3,1
68,0,2
7,69,1
73,0,7
8,68,2
92,1,2
9,58,1
92,0,1
9,55,1
98,6,1
99,-6,1
17,11,1
100,11,1
22,7,1
54,-3,1
99,1,1
83,18,2
100,6,1
61,-1,1
83,24,1
82,0,2
82,25,2
90,12,3
89,1,2
87,12,1
82,26,1
83,22,2
83,14,2
98,8,1
97,10,1
99,8,1
94,9,2
91,11,1
80,32,1
89,11,3
91,16,1
80,28,3
80,33,3
96,19,1
98,23,1
94,19,2
83,33,1
97,20,1
78,45,1
84,34,1
99,27,1
92,17,1
79,37,1
80,50,1
80,43,1
101,27,1
79,51,1
78,55,1
99,23,1
81,48,1
85,13,2
80,53,1
79,59,1
82,49,1
84,51,1
80,44,1
83,20,1
82,14,2
80,38,1
82,19,4
95,51,1
93,51,1
81,23,2
83,16,2
88,50,1
81,22,1
83,21,2
79,45,1
88,13,1
78,35,1
82,15,4
91,17,1
84,26,1
97,19,1
98,25,2
81,27,1
81,26,1
79,29,1
102,27,1
78,33,2
82,24,2
109,26,1
115,29,1
82,18,1
115,33,1
81,25,1
115,35,1
82,20,1
116,30,4
91,12,1
90,10,4
91,9,4
101,26,1
99,22,1
93,9,1
92,11,1
92,10,1
92,12,1
98,19,4
88,11,1
83,13,1
91,15,2
91,18,1
93,20,1
94,18,1
80,29,1
97,18,1
98,20,1
100,22,3
97,27,1
116,51,2
114,42,1
141,27,1
146,25,3
119,42,1
121,50,1
99,26,1
122,39,1
146,24,3
123,50,1
112,27,1
123,33,1
147,19,1
123,28,1
129,50,5
115,31,1
147,13,1
128,26,1
120,34,1
153,11,1
133,26,1
122,31,1
151,11,1
127,28,1
140,26,1
147,14,2
133,27,1
147,22,2
139,27,2
147,18,1
128,51,9
145,18,2
147,25,1
139,26,1
147,30,1
147,36,1
144,26,1
146,27,1
147,43,1
147,32,1
147,35,2
148,49,1
145,25,3
153,50,1
147,42,2
148,48,1
154,47,1
152,50,1
145,26,1
154,40,1
155,36,3
146,22,1
153,46,1
147,16,1
153,40,1
155,35,1
148,11,1
153,37,1
154,10,1
156,35,2
154,4,1
160,33,1
154,35,1
162,33,1
148,2,1
130,56,1
156,34,3
146,-2,1
130,61,3
160,34,1
144,-4,1
159,35,1
138,-4,1
153,36,1
143,-5,1
147,-1,1
153,34,1
154,30,1
150,3,1
154,6,1
154,27,1
151,10,1
162,36,1
154,29,1
155,34,1
162,40,1
163,47,1
161,36,1
166,50,2
162,41,2
130,63,1
162,46,1
170,53,1
147,29,1
131,68,1
172,58,1
170,52,1
132,73,1
178,56,1
137,74,1
172,57,1
178,50,1
147,49,1
177,57,1
142,75,1
153,49,1
178,43,1
155,43,1
178,53,1
179,37,1
148,75,1
152,75,2
184,36,1
178,48,1
154,75,1
160,36,1
186,40,2
178,41,1
180,35,1
187,47,2
185,36,1
163,48,1
155,72,1
191,50,1
194,47,2
169,51,1
156,68,1
195,40,2
171,56,1
156,69,1
176,57,1
155,74,1
190,51,1
195,33,3
178,52,1
156,79,1
195,47,1
195,25,1
197,20,1
178,45,1
154,82,1
151,81,1
197,19,2
178,38,1
196,19,2
182,35,1
145,82,2
195,26,1
195,19,1
140,83,1
186,38,1
187,45,1
196,20,1
196,21,1
131,85,1
190,50,1
195,23,1
132,91,1
194,48,1
195,27,1
194,43,2
131,96,2
194,30,1
194,40,1
130,101,1
195,36,1
193,47,1
196,41,1
131,105,1
137,107,1
189,51,1
189,50,1
195,46,1
193,50,1
186,55,1
137,102,1
187,55,1
187,58,1
187,52,1
186,62,1
139,92,3
186,58,1
186,66,1
187,65,1
187,66,2
186,65,1
188,72,1
188,68,1
188,67,1
188,74,1
187,74,1
189,71,1
181,74,1
186,74,1
184,75,1
178,75,2
174,74,1
182,74,1
172,74,2
171,71,1
170,68,2
169,66,1
163,66,1
164,67,1
163,62,1
165,66,1
160,67,2
162,60,1
162,65,1
155,68,3
158,66,1
157,57,1
170,91,2
155,66,1
151,58,1
175,91,1
144,59,1
159,66,1
161,62,1
166,67,1
139,61,1
168,91,1
142,66,1
158,59,1
163,89,1
168,67,1
163,64,1
162,84,1
151,57,1
146,69,1
166,82,2
145,58,1
145,73,2
160,59,1
172,81,1
153,58,1
139,59,1
140,65,1
150,75,1
148,58,1
177,82,2
142,59,1
145,68,1
180,82,11
153,75,1
148,73,1
154,79,3
139,64,1
150,82,2
144,67,1
144,82,1
147,72,1
151,82,1
137,82,1
131,84,1
138,82,1
131,90,1
143,83,1
131,83,1
131,102,5
136,83,1
130,86,2
135,105,1
129,96,1
138,102,1
139,96,3
135,107,1
130,100,1
133,106,2
141,91,1
139,103,1
147,91,3
138,105,1
141,92,2
154,97,1
145,91,3
156,99,1
152,90,1
155,97,2
157,91,1
154,96,2
154,93,1
162,90,1
166,90,2
158,90,1
155,91,2
161,90,1
173,90,2
175,90,1
171,91,1
167,90,1
177,90,1
174,90,1
164,90,1
175,92,1
169,91,1
166,83,5
163,88,2
163,86,3
167,82,1
174,83,2
179,84,1
163,75,1
162,78,1
181,84,2
182,86,1
163,82,1
183,84,1
167,83,1
171,82,2
180,83,1
172,83,1
182,81,2
175,81,1
179,83,2
178,84,2
165,83,1
183,82,1
176,84,1
162,87,1
184,83,1
182,83,1
173,82,1
159,90,2
150,91,1
170,82,3
168,83,1
162,89,2
139,91,1
161,87,2
164,84,1
138,96,1
157,90,2
161,89,1
134,105,1
151,90,1
160,90,1
153,90,1
131,95,2
140,92,1
128,91,2
146,90,1
164,83,1
139,104,1
121,91,5
138,104,2
152,91,1
124,91,2
131,106,1
121,92,2
129,91,1
124,90,2
130,96,1
122,89,1
127,92,1
126,91,3
138,101,1
121,89,2
126,90,2
125,89,1
126,89,1
128,89,1
130,90,1
129,88,2
131,86,1
129,83,1
123,89,1
127,83,2
115,77,1
130,88,1
126,84,1
130,83,1
119,75,1
121,84,1
122,70,1
125,83,1
116,82,1
119,82,1
123,64,1
116,76,2
123,57,1
122,82,1
120,75,1
121,51,2
128,90,1
128,83,2
115,50,1
122,69,1
129,85,1
122,83,1
122,63,1
109,51,1
106,51,1
122,57,1
123,84,1
116,81,1
121,52,1
118,83,1
105,52,1
121,73,1
107,57,1
116,52,1
109,52,1
117,76,1
123,66,1
112,58,1
123,59,1
108,57,1
114,61,1
113,58,1
122,53,1
113,65,1
108,65,1
114,64,2
106,65,1
110,65,1
110,51,1
108,66,1
109,66,2
106,69,1
108,56,1
109,68,1
112,59,1
106,71,1
108,69,1
106,73,1
105,72,2
103,75,1
110,68,2
107,72,1
99,73,1
108,74,1
102,75,1
105,75,1
100,74,2
106,70,1
104,74,1
99,69,2
97,67,1
99,74,1
98,68,1
92,68,1
94,67,1
91,72,1
94,66,1
90,68,1
89,73,1
91,69,1
87,75,1
88,74,2
83,74,1
84,75,2
83,78,1
82,76,1
81,78,2
83,75,2
84,82,2
82,81,1
82,80,2
84,80,1
78,79,1
80,78,1
72,80,1
80,79,1
75,79,1
68,81,3
76,79,1
75,84,1
71,80,1
66,82,2
74,90,1
67,79,1
67,84,2
75,96,1
67,86,2
80,99,1
67,90,1
66,83,1
67,97,2
83,101,1
68,102,1
68,103,1
69,103,1
69,102,1
67,103,1
66,109,1
66,112,1
65,114,1
67,118,1
66,90,1
67,87,1
69,122,2
66,97,1
66,115,3
67,91,1
68,115,3
67,104,2
74,121,1
76,115,1
67,110,1
67,102,1
79,114,1
67,115,1
67,108,1
66,116,2
76,118,1
67,114,1
74,122,1
66,120,1
67,121,1
75,117,2
77,114,2
69,123,1
74,120,1
72,121,1
83,114,1
74,119,1
76,114,1
74,117,2
82,114,1
90,114,1
89,114,1
91,114,4
95,113,1
65,110,2
78,115,1
99,113,1
112,104,2
111,104,1
113,106,2
111,105,4
97,114,1
99,110,1
103,107,1
110,102,2
108,107,1
109,105,3
109,101,1
111,102,1
113,105,1
111,106,1
110,103,2
112,103,1
112,102,1
114,129,1
109,102,1
114,111,2
85,116,1
115,117,1
111,130,1
89,115,1
107,130,1
115,124,1
114,107,1
104,130,2
114,114,1
113,129,1
115,121,1
106,130,1
98,130,1
114,128,1
101,130,2
97,130,2
108,130,1
102,130,1
106,128,1
101,131,1
106,124,1
103,123,2
106,132,1
106,126,1
97,123,2
105,123,1
106,127,1
91,124,1
99,123,1
87,123,2
106,123,1
114,121,1
114,126,1
91,123,1
83,123,2
100,124,1
111,129,1
82,124,1
94,124,2
87,124,1
82,128,2
107,128,1
89,124,1
82,125,1
107,124,1
78,129,1
84,123,1
72,129,1
79,130,1
82,126,1
67,131,2
92,123,1
80,130,1
73,129,1
64,131,2
67,130,1
75,129,1
81,124,1
59,129,1
61,130,1
72,131,1
58,126,1
58,124,1
67,132,1
81,128,1
64,132,1
78,130,1
56,122,1
53,123,1
50,123,1
51,122,1
75,130,1
66,136,1
50,117,1
65,135,1
70,130,1
49,121,1
50,115,1
63,131,1
51,116,1
60,129,1
59,128,1
51,119,1
50,119,1
50,126,1
51,125,1
58,125,1
57,122,1
55,123,1
53,122,1
47,130,1
49,129,1
43,131,1
51,124,1
41,131,1
50,128,1
35,131,1
37,131,1
34,131,1
46,130,1
36,131,1
40,130,1
42,133,2
43,133,1
43,129,1
42,125,1
42,123,1
44,130,1
42,127,1
42,124,1
43,118,1
41,121,1
37,122,1
43,111,1
42,116,1
31,122,1
27,123,1
42,115,1
46,107,2
42,112,1
32,122,1
51,107,1
39,121,1
44,129,1
44,107,1
54,107,1
58,104,1
50,107,1
42,117,1
43,124,1
56,107,1
43,119,1
58,100,1
42,111,1
43,114,1
59,102,1
57,99,2
59,100,2
47,107,1
52,107,1
58,81,4
58,98,1
59,98,1
59,101,1
58,91,1
57,79,2
59,95,1
59,92,1
58,90,1
59,91,2
51,79,2
58,84,2
45,80,1
59,90,1
39,79,2
32,79,2
59,85,2
26,80,3
13,91,1
58,82,1
9,95,1
54,79,1
5,98,1
48,80,1
2,98,1
41,80,1
34,79,2
2,94,1
30,79,3
1,88,2
1,81,1
10,97,1
6,99,1
28,79,1
26,81,1
1,98,1
45,78,1
0,92,1
1,95,1
27,80,2
23,82,2
22,82,1
-1,100,1
18,84,2
-3,106,1
17,90,1
12,92,1
18,90,1
-4,111,1
-2,113,1
9,97,2
12,91,1
1,114,1
3,98,1
2,72,2
4,99,1
8,115,2
2,99,2
2,70,2
11,119,1
0,100,1
-34,130,1
1,99,1
-13,147,2
-20,106,1
-20,111,1
-3,99,1
-41,130,1
-10,98,1
-21,116,1
-12,145,1
-44,135,1
-22,121,1
-13,145,1
-44,142,1
-16,99,2
-21,103,1
-44,149,1
-11,146,2
-26,121,1
-44,155,1
-12,151,1
-29,121,1
-21,110,1
-10,156,1
-34,122,1
-44,152,2
-21,117,1
-6,156,1
-39,122,2
-24,122,1
-30,123,1
-5,161,2
-7,164,1
-37,122,1
-50,122,2
-45,149,1
-47,147,3
-44,122,1
-8,162,1
-56,122,1
-59,124,1
-14,162,1
-51,122,1
-54,122,3
-19,162,1
-25,163,1
-49,146,1
-55,130,2
-30,163,1
-26,163,1
-55,147,1
-58,122,1
-60,125,1
-58,143,3
-22,162,2
-58,139,1
-58,130,1
-52,133,1
-54,138,2
-60,138,2
-22,161,1
-63,139,2
-53,133,2
-21,157,1
-70,138,1
-66,139,1
-76,138,2
-21,153,1
-73,138,2
-80,138,1
-22,152,1
-82,138,2
-66,138,1
-84,135,1
-84,133,1
-20,150,1
-84,129,3
-17,147,1
-84,127,1
-12,147,1
-80,139,1
-83,125,2
-84,132,4
-83,135,3
-83,128,4
-12,150,1
-9,154,1
-4,155,1
-79,137,1
-83,136,1
-3,168,1
-13,170,1
-68,138,1
-72,138,1
-67,137,1
-61,139,2
-19,170,1
-76,139,1
-62,138,1
-24,170,1
-60,147,1
-59,141,1
-30,170,1
-69,139,1
-62,139,1
-35,172,1
-59,147,1
-66,146,2
-73,146,3
-58,142,1
-64,147,1
-35,177,1
-30,179,1
-76,150,1
-70,147,1
-61,146,2
-28,183,1
-80,154,2
-67,146,1
-85,157,2
-32,186,1
-76,152,1
-81,153,1
-82,162,1
-76,151,1
-36,189,1
-77,164,1
-37,194,2
-85,155,2
-86,156,1
-84,160,1
-76,168,3
-84,162,2
-38,196,1
-79,161,1
-76,165,1
-79,163,1
-36,196,1
-77,168,2
-77,167,2
-75,171,1
-38,194,1
-77,176,1
-76,171,1
-76,169,2
-37,190,1
-76,177,1
-34,187,1
-78,168,1
-77,177,2
-30,184,1
-76,179,1
-75,179,3
-77,172,1
-76,178,1
-78,179,2
-30,180,1
-83,179,1
-36,178,1
-80,179,2
-82,178,1
-84,176,1
-36,172,1
-85,173,1
-83,172,1
-88,171,1
-31,171,1
-88,170,1
-92,172,2
-25,171,1
-91,172,1
-93,173,1
-20,171,2
-86,172,1
-14,171,2
-84,177,1
-8,171,1
-86,171,1
-4,167,1
-85,177,1
-5,155,1
-76,173,1
-77,181,1
-1,154,1
-77,175,2
-79,162,1
2,156,1
-78,164,1
3,163,2
-85,163,1
2,169,1
-84,163,1
-86,159,1
2,177,1
-84,156,1
1,182,1
-86,155,2
-81,155,1
-91,156,4
2,185,1
-94,161,2
0,186,1
-3,186,1
-100,161,2
-5,180,1
-103,155,1
-10,178,1
-102,156,1
-108,157,2
-108,159,2
-13,183,1
-107,156,2
-105,156,2
-17,185,1
-21,190,1
-104,155,1
-101,158,1
-98,162,1
-20,195,1
-101,159,1
-24,195,1
-93,160,1
-97,162,2
-28,198,1
-93,159,1
-90,155,1
-84,154,1
-27,195,1
-89,155,1
-21,194,1
-78,152,1
-83,154,1
-75,147,1
-19,195,1
-77,152,1
-20,191,1
-69,146,1
-74,147,1
-18,187,1
-62,146,1
-68,146,1
-13,184,1
-57,138,1
-10,179,1
-57,143,1
-54,137,1
-5,179,1
-56,139,1
-3,185,1
-53,132,1
-53,134,1
-56,132,1
-59,130,2
2,188,1
-61,130,1
-61,124,2
3,191,1
-59,118,1
-66,131,1
3,192,1
3,188,1
-56,115,1
-72,132,1
3,183,1
-70,132,1
-50,115,1
-45,113,1
3,177,1
-65,130,1
-44,107,1
-61,128,1
3,170,1
-61,121,1
-45,100,1
3,156,1
-46,104,1
-62,116,1
-47,107,1
-60,124,1
-2,154,2
-61,116,1
-49,107,2
-57,122,1
-4,150,1
-60,117,1
-55,106,1
-59,122,1
0,146,1
-60,119,1
-45,122,1
3,143,1
-59,106,1
-60,101,1
2,137,1
-58,115,1
-52,114,1
-33,122,1
-61,99,2
3,131,1
10,131,1
-68,99,3
-28,122,1
-45,115,1
-69,105,1
-23,124,1
-43,115,1
16,131,1
-45,114,1
-20,127,1
-68,111,2
18,126,1
-44,109,1
-19,131,2
14,122,1
-68,118,2
-71,121,1
-12,131,1
10,118,1
7,114,1
-54,106,1
-6,132,1
-72,120,2
0,114,2
-73,118,1
-4,134,1
-57,105,1
-4,114,1
-2,139,1
-60,102,1
-73,114,1
2,139,2
-59,100,1
-5,108,1
-74,119,1
-56,97,1
2,144,1
-11,108,1
-75,119,2
-2,147,1
-53,93,1
-13,113,1
-78,116,2
-53,87,1
-4,152,1
-12,119,1
-84,114,2
-4,158,1
-87,115,2
-11,120,1
-55,82,1
-6,164,1
-13,121,1
-61,80,3
-91,116,1
-19,124,1
-93,121,1
-5,168,1
-20,129,1
-7,170,2
-93,127,5
-98,127,2
-14,131,1
-7,131,2
-100,126,2
-4,135,1
-101,129,1
0,139,1
-32,170,1
-62,79,2
-101,136,2
-37,174,1
2,134,1
-105,138,3
-62,78,1
3,128,2
-109,139,1
-35,178,1
-63,78,2
0,122,1
-32,179,1
-110,139,1
-114,140,1
-5,122,1
-4,122,1
-113,139,1
-35,188,1
-67,79,1
0,123,1
-115,140,2
-72,79,1
-117,146,1
3,127,1
-118,153,1
-36,191,1
5,130,2
-77,78,1
-33,187,1
-77,72,1
-123,154,1
-124,148,2
-124,141,2
-125,135,2
-128,131,1
-133,128,1
-135,123,1
-141,119,1
-144,114,1
-31,170,1
7,130,2
-90,34,1
-150,114,1
10,133,1
-93,30,1
-26,170,1
-155,115,1
13,138,2
-96,26,1
-100,23,1
19,141,1
-153,116,1
-149,115,1
-101,17,1
-9,171,1
21,146,1
-143,114,1
-99,10,1
-5,167,1
21,147,2
-98,10,1
-141,118,1
-7,163,1
-137,123,1
-133,126,1
22,147,1
-20,160,1
-85,15,1
-130,131,1
-85,21,1
17,145,1
-125,134,1
-20,154,1
-20,149,1
-85,27,1
11,148,2
11,155,1
-16,148,1
-84,31,1
-122,154,1
11,161,1
-84,32,1
-13,152,1
11,169,1
-117,152,1
11,172,1
-116,146,1
-7,154,1
-85,36,1
-2,148,1
10,178,1
-83,42,1
1,145,2
-77,43,1
-111,139,1
10,185,1
-108,139,1
-77,47,1
2,141,1
10,192,1
10,199,1
-78,54,1
2,135,1
-104,138,1
-100,134,2
4,131,2
-77,61,1
8,202,1
-77,67,1
10,202,1
-101,128,1
2,125,1
0,124,1
-77,75,1
13,201,1
-96,127,1
-92,124,1
11,202,1
-78,80,1
-79,82,1
11,195,1
8,130,1
-92,117,2
11,188,1
14,130,1
-75,80,1
-69,79,1
-80,115,1
18,128,1
11,181,1
11,175,1
-64,79,1
-76,119,1
17,123,1
-72,122,1
10,168,2
11,121,1
-56,82,1
-69,117,1
10,161,1
10,116,1
10,155,1
-53,86,2
-68,110,1
5,114,1
-69,104,1
-69,98,1
17,146,1
-4,112,1
-54,89,1
-53,91,1
-65,98,1
19,140,1
-3,108,1
-2,103,1
-58,99,1
-57,92,1
-53,96,2
-63,90,1
-1,97,1
11,134,1
-1,92,1
-54,91,1
-69,92,1
-67,91,1
-61,90,1
-68,90,1
-70,91,1
4,137,1
-74,91,1
4,141,1
-73,90,1
-75,89,1
4,144,1
-75,86,1
-78,82,1
-76,83,1
1,140,1
-77,83,1
-82,81,1
-2,138,1
-85,77,2
-3,135,1
-78,83,1
-83,82,1
-90,75,1
-95,74,1
-13,131,1
-99,73,1
-91,75,2
-98,74,1
-101,70,1
-26,130,1
-100,70,1
-27,133,1
-105,66,1
-104,67,1
-108,66,1
-29,137,1
-108,68,1
-108,65,1
-35,139,1
-111,73,1
-37,144,1
-108,69,1
-113,74,1
-111,74,1
-32,148,1
-114,79,4
-114,78,3
-29,150,1
-31,154,1
-115,79,1
-36,157,1
-113,82,5
-38,161,1
-116,83,2
-116,87,1
-109,82,1
-43,164,1
-112,81,1
-116,85,3
-44,169,1
-110,83,1
-45,173,2
-115,84,2
-108,83,1
-110,84,1
-109,84,2
-111,84,2
-115,85,1
-115,90,1
-110,91,1
-113,90,3
-45,174,1
-118,86,1
-118,83,1
-46,178,1
-117,83,3
-44,181,1
-119,84,1
-46,186,1
-115,83,2
-49,186,1
-116,81,3
-114,81,2
-115,82,2
-115,80,1
-52,184,1
-53,181,2
-114,83,1
-54,175,1
-53,168,2
-54,163,1
-54,164,1
-113,79,2
-52,158,1
-57,155,1
-113,77,1
-63,156,1
-67,158,1
-113,76,1
-67,164,1
-67,169,1
-117,82,1
-116,79,1
-62,171,1
-117,84,1
-61,178,1
-117,86,1
-61,184,2
-132,7,1
-66,187,1
-131,10,1
-115,89,1
-116,89,1
-130,9,2
-113,89,1
-66,188,1
-63,188,1
-110,89,2
-117,85,1
-114,90,1
-133,8,1
-60,185,1
-106,90,2
-132,11,1
-129,11,1
-102,90,1
-60,177,1
-60,171,1
-100,90,2
-109,90,1
-65,171,1
-103,91,1
-104,90,2
-101,93,1
-130,10,1
-69,166,1
-104,91,2
-108,91,1
-69,160,1
-99,98,2
-126,10,1
-102,91,3
-98,98,1
-66,156,1
-122,11,1
-101,96,1
-60,155,1
-118,11,1
-100,98,1
-101,98,1
-53,155,1
-114,10,1
-99,99,1
-113,10,1
-53,161,1
-100,99,1
-96,99,2
-92,100,1
-94,99,3
-112,11,1
-93,101,1
-91,105,2
-53,175,1
-109,13,1
-91,106,3
-108,15,1
-90,106,1
-87,106,2
-109,18,1
-50,185,1
-93,104,1
-110,20,1
-94,105,1
-45,187,1
-88,106,1
-110,16,1
-89,107,1
-43,186,1
-87,105,1
-91,108,1
-44,180,1
-108,16,1
-82,106,1
-44,172,1
-88,107,1
-83,107,1
-44,166,1
-78,106,1
-39,162,1
-80,106,2
-85,106,1
-37,158,1
-86,105,1
-32,155,1
-95,100,1
-92,104,2
-28,150,1
-100,96,3
-95,99,2
-33,147,1
-123,10,1
-99,84,1
-36,142,1
-124,9,1
-95,83,2
-31,139,1
-100,89,2
-92,88,3
-29,134,1
-98,83,1
-31,130,1
-94,84,1
-90,91,1
-94,86,1
-25,131,1
4,1,6
-91,91,2
-23,131,2
-91,89,1
-92,91,2
-87,91,2
4,7,2
-24,129,1
-85,92,1
-23,129,1
3,15,5
-87,90,1
-83,97,1
-20,125,1
-81,98,1
-84,96,2
-84,98,1
-20,120,1
-82,98,1
-85,97,2
-20,113,1
3,7,3
-84,93,3
-21,108,1
-21,102,1
-84,94,1
-89,90,1
-9,98,1
-92,89,1
-5,99,1
-2,95,1
-92,83,1
0,89,1
-101,83,2
-97,83,1
-100,83,1
-101,88,1
-105,89,1
-105,92,1
1,74,1
-104,92,3
-107,90,1
-107,94,2
5,65,1
-103,90,2
16,53,1
-102,92,1
19,47,1
19,40,1
-100,97,1
18,34,1
15,28,1
-95,98,1
-94,100,3
-93,102,1
15,19,1
0,-19,1
20,19,1
-93,105,1
20,22,1
-2,-18,1
18,26,2
-100,93,1
-1,-27,1
-101,91,1
-100,91,1
-101,89,1
-102,77,2
-102,75,1
-101,76,1
-97,75,1
14,26,1
-84,75,3
-87,73,1
3,-37,1
-84,78,1
10,21,1
12,15,1
-84,81,1
-75,79,1
-85,79,1
11,20,1
11,27,1
-71,79,2
-81,83,1
10,34,1
-76,80,1
-72,78,2
-74,79,1
15,38,1
19,43,1
-68,80,1
-71,78,1
-54,83,1
17,47,1
-65,79,1
-53,88,1
18,41,1
15,35,1
-59,81,1
-53,89,2
-55,84,1
10,30,1
-52,91,1
-53,97,1
-55,98,2
8,18,1
-54,95,1
10,12,1
-57,97,1
14,6,1
0,-55,1
-56,99,1
19,3,1
-59,97,1
26,1,1
-63,97,1
1,-60,1
-63,98,1
-68,97,1
0,-65,2
32,0,1
-70,102,2
-73,98,2
39,-2,1
-70,99,1
50,-7,1
0,-71,2
-69,100,1
55,-8,1
-70,100,1
-68,101,1
62,-7,1
-67,99,1
-68,107,1
-68,100,1
68,-5,1
-68,106,1
73,-2,1
-69,113,2
-67,108,1
-67,104,1
93,1,1
-69,106,1
-69,108,1
-68,109,1
98,-2,1
-68,115,1
-68,113,1
92,-10,1
-67,118,1
-70,120,2
-73,120,1
91,-16,1
91,-23,1
-74,121,1
-18,-91,1
90,-30,1
-70,122,1
-22,-94,1
-72,119,1
90,-36,1
-22,-92,1
-71,120,2
-75,121,2
90,-42,1
-21,-92,1
-72,121,1
-21,-90,1
86,-45,1
-73,121,1
-76,122,1
-22,-90,2
-76,116,1
80,-39,1
-76,118,1
-80,114,1
-20,-86,1
82,-34,1
81,-28,1
-83,115,1
-87,114,1
82,-24,1
-88,114,1
81,-27,1
-16,-84,1
-92,115,1
83,-32,1
-21,-87,1
-92,123,1
-93,120,1
80,-37,1
-92,126,1
-97,127,3
-95,127,3
80,-41,2
-19,-94,1
-99,127,1
-15,-94,1
-94,127,3
-11,-92,1
-92,127,1
80,-60,2
-91,125,1
-5,-91,1
79,-73,1
-1,-95,1
-91,124,1
-91,121,1
6,-99,1
-91,123,1
-91,122,1
74,-88,1
10,-102,1
-91,126,1
71,-92,1
10,-108,1
67,-88,1
-100,128,1
12,-106,1
-100,130,1
-100,133,1
-99,135,1
68,-88,1
-100,137,1
68,-87,2
-102,138,1
66,-85,1
-103,139,1
-102,137,1
63,-86,2
-99,140,1
-103,137,1
64,-86,2
-103,138,1
-106,137,1
63,-85,2
-107,139,2
-105,137,1
-105,139,4
63,-87,1
62,-89,1
61,-89,1
61,-90,1
-106,139,4
61,-91,2
60,-90,1
58,-92,1
53,-92,1
-108,140,1
47,-92,1
-4,7,1
-108,143,1
40,-92,1
35,-94,1
-104,146,2
-7,8,1
6,7,1
-98,146,1
34,-100,1
9,6,1
-94,143,1
28,-99,1
-95,144,1
12,4,1
-15,17,1
28,-105,1
-15,20,1
-97,146,1
12,0,1
14,-1,2
-91,146,1
-16,23,1
19,-106,1
-17,26,1
-85,147,1
18,-2,1
19,-117,1
-90,146,1
21,-3,1
-97,145,1
-20,29,2
26,-2,1
12,-118,1
6,-116,1
25,0,1
-109,142,1
2,-120,1
21,0,1
-112,139,1
17,0,1
-25,30,1
17,4,1
-115,141,1
-30,31,1
-115,146,1
-11,-126,1
14,7,1
9,8,1
-117,153,1
-27,34,1
-21,-126,1
-121,154,1
-19,-125,1
-124,150,1
-25,35,1
0,6,3
-124,144,1
-3,1,2
-23,38,1
-20,-126,1
-3,-4,1
-23,41,1
-124,137,1
-21,-132,1
-125,133,1
-24,-133,1
-19,41,1
-2,-9,1
-2,-16,1
-126,137,1
-28,-135,1
-15,43,1
-125,138,1
-28,-138,1
-15,46,1
-2,-19,1
-28,-144,1
-2,-25,1
-125,137,1
-1,-32,1
-12,51,1
-31,-149,1
-12,53,1
-37,-149,1
-124,134,1
0,-37,1
-8,63,1
-53,-153,1
0,-49,1
-3,63,2
-52,-159,1
-56,-164,1
0,-54,1
-61,-161,1
-4,63,1
-61,-154,1
0,63,1
-63,-149,1
-67,-148,1
-69,-147,1
-69,-141,1
-1,-77,2
-68,-140,1
-67,-140,1
-68,-142,1
-69,-146,1
-3,86,1
-74,-147,1
-2,-77,1
-80,-148,1
-84,-144,1
3,93,1
-81,-140,1
3,99,1
0,-74,1
1,-72,1
0,103,1
-66,-132,1
-1,101,1
-61,-135,1
-2,105,1
1,-66,1
-59,-140,1
-8,106,1
-53,-140,1
2,-63,1
-12,109,1
-46,-142,1
-13,116,1
-14,122,1
-40,-141,1
-1,-56,1
-36,-136,1
-20,123,1
-37,-130,1
-25,123,1
-2,-50,1
-33,-126,1
-3,-46,1
-28,121,1
-2,-49,1
-31,-125,1
-28,116,1
-27,-125,2
-29,110,1
-1,-51,2
-28,104,1
-23,-126,1
-30,100,1
-25,-126,1
-1,-50,3
-34,98,1
-37,93,1
-42,90,1
-30,-117,1
-35,-115,1
-37,-109,1
-43,-108,1
-33,78,1
-31,78,1
0,-79,1
-53,-125,1
-28,78,1
0,-85,1
-27,78,1
-54,-122,1
-22,89,1
2,-10,1
-23,90,1
-53,-129,1
-46,-133,1
-50,-132,1
-53,-128,1
-53,-121,1
-48,-117,1
-45,-113,1
-41,-110,1
-37,-113,2
-32,-116,1
-28,-120,1
-24,-123,1
-22,-119,1
-16,-116,1
-13,-113,1
-14,-108,1
-13,-103,1
-25,-108,1
-29,-105,1
-30,-100,1
-44,-98,1
88,-46,1
92,-26,1
33,-140,1
89,-22,1
91,-33,1
35,-144,1
83,-46,1
90,-33,1
91,-40,1
36,-149,1
89,-39,1
90,-44,2
36,-156,1
83,-52,1
84,-46,1
39,-157,1
88,-54,1
85,-45,1
41,-154,1
85,-44,2
93,-54,1
43,-150,1
87,-43,2
86,-43,1
42,-145,1
89,-44,2
86,-46,1
85,-43,1
42,-141,2
90,-45,1
89,-45,1
82,-52,1
84,-45,1
3,13,5
82,-45,1
2,13,2
81,-45,1
2,17,1
6,20,1
7,23,1
8,27,1
7,31,1
7,36,1
82,-43,3
3,14,1
84,-43,1
5,50,1
83,-44,1
4,48,1
3,51,1
4,11,1
81,-43,3
2,54,1
7,17,1
10,17,1
14,17,2
7,66,1
16,14,1
17,15,1
4,70,1
15,14,1
80,-49,1
15,63,1
-20,122,1
79,-59,1
0,-101,2
-63,129,1
-64,130,1
79,-63,1
78,-67,1
-58,131,1
79,-72,1
-55,138,1
75,-80,1
-67,139,1
74,-83,1
-74,139,1
75,-87,3
75,-85,1
-81,138,2
-84,134,1
76,-86,1
75,-88,2
75,-84,1
-85,134,1
2,-101,1
22,83,1
7,-102,1
23,83,1
11,-102,1
-70,139,1
40,80,1
10,-109,1
75,-89,1
-65,146,1
4,-121,1
29,80,1
-71,146,1
76,-88,1
7,-124,1
-76,149,1
19,86,1
73,-92,1
9,-126,1
69,-92,1
15,91,1
-79,154,1
11,-130,1
16,-133,1
68,-89,1
10,94,1
21,-133,2
7,99,1
-93,161,2
1,102,1
67,-87,1
25,-135,1
64,-84,1
-2,107,1
-99,161,1
25,-140,1
-4,113,1
-101,156,2
22,-141,1
1,115,1
18,-141,3
57,-83,1
58,-79,1
61,-77,1
11,120,1
56,-84,1
-100,158,2
50,-84,1
45,-84,1
39,-84,1
15,139,1
26,-139,1
33,-84,1
19,143,1
26,-134,1
17,147,1
28,-84,1
16,-132,1
23,-84,1
11,149,1
-86,157,1
10,162,1
16,-86,1
-78,163,2
11,-126,1
17,-90,1
9,-125,1
17,-94,1
-76,175,1
10,175,1
5,-125,1
4,-124,1
10,182,1
17,-98,1
-72,178,1
17,-103,1
10,189,1
17,-109,1
-79,179,1
10,197,1
11,203,1
20,-114,1
-84,175,1
13,203,1
-87,171,1
-92,174,1
19,-110,2
11,198,1
-10,-125,1
-90,172,1
-13,-129,1
11,191,1
-12,-130,1
28,-103,1
11,184,1
-85,174,1
11,177,1
30,-100,1
-81,178,1
-16,-125,1
28,-102,1
-77,180,1
11,173,1
10,167,1
11,160,1
-77,169,1
11,153,1
-32,-124,1
13,147,1
-37,-125,1
22,-116,1
-85,156,1
19,146,1
-43,-124,1
18,140,1
27,-115,1
-45,-128,1
-80,155,1
-77,150,1
-47,-132,1
19,138,1
32,-117,1
-51,-131,1
26,137,1
22,138,1
35,-117,1
35,-112,1
-59,146,1
15,138,1
-53,147,1
11,135,1
39,-109,1
45,-109,1
-46,-116,1
7,131,1
3,133,1
50,-109,1
-45,150,1
51,-111,1
-44,145,1
-37,-112,1
-44,139,1
48,-115,1
-43,132,1
47,-116,1
-4,148,1
-38,131,1
50,-115,1
-31,132,1
-29,136,1
52,-107,1
49,-103,1
-26,-124,1
-33,138,1
-22,-122,1
-36,143,1
46,-100,1
-13,171,1
-65,-85,1
158,98,1
35,92,1
157,98,1
158,89,1
-3,-1,2
5,-3,1
-9,-20,4
-26,-26,2
-29,-24,1
-35,-20,1
-9,-14,1
-31,-23,1
-36,-18,1
-35,-17,1
-10,-19,1
-37,-15,1
-36,-16,2
-11,-19,1
-10,-20,1
-34,-17,1
-12,-24,1
-10,-21,1
-35,-16,1
-18,-26,1
-34,-14,1
-35,-29,2
-42,-34,1
-37,-30,2
-36,-52,1
-38,-29,2
-37,-48,1
-37,-28,3
-47,-40,1
-38,-28,2
-43,-37,1
-30,-24,2
-23,-13,2
-23,-24,2
-24,-21,2
-33,-25,1
-23,-12,6
-26,-16,2
-35,-28,1
-30,-25,1
-27,-14,1
-27,-20,1
-26,-15,2
-19,-14,1
-18,-13,1
-21,-11,1
-25,-12,1
-20,-23,2
-24,-9,1
-19,-24,2
-19,-7,1
-15,-7,1
-10,0,1
-15,0,1
-15,-3,1
-42,0,3
-28,1,1
-45,0,1
-32,1,2
-24,-29,1
-52,0,1
-38,1,1
-26,-23,1
-24,-35,1
-59,0,1
-23,-29,1
-47,0,1
-24,-36,1
-51,0,5
-73,0,1
-21,-38,1
-80,0,2
-22,-32,1
-87,0,1
-21,-49,1
-94,0,1
-20,-31,1
-100,-2,1
-21,-26,1
-22,-58,2
-57,0,1
-100,-12,1
-29,-12,1
-102,-10,1
-35,-9,1
-100,-4,1
-94,-1,1
-62,-1,1
-38,-8,1
-88,0,1
-56,-1,1
-47,-4,2
-53,-2,1
-48,-3,1
-53,0,1
-73,-1,1
-54,0,1
-67,-2,1
-60,-2,1
-49,0,1
-45,-5,1
-46,0,1
-54,-2,1
-46,-4,1
-48,0,2
-43,1,2
-39,-1,2
-37,1,1
-45,-1,2
-30,-6,1
-44,-1,4
-35,-5,1
-29,-3,1
-28,-6,5
-40,-1,2
-41,0,1
-21,-45,1
-48,-1,2
-47,-1,1
-29,-20,1
-48,1,1
-44,1,1
-27,-5,1
-31,-14,1
-40,0,2
-33,-4,1
-33,-8,1
-40,-4,1
-36,1,1
-36,-3,1
-37,-3,1
-35,-4,1
-39,0,1
-45,-3,1
-31,-4,1
-39,4,1
-41,1,1
-37,3,1
-25,0,2
-28,-1,1
-41,2,1
-29,0,1
-31,1,1
-42,2,1
-35,0,1
-25,1,1
-22,2,1
-40,1,1
-42,-1,1
-23,8,1
-43,0,1
-22,7,1
-46,-2,1
-21,12,2
-24,12,1
-42,-2,1
-20,13,1
-48,-2,3
-21,15,1
-36,-2,1
-21,20,2
-30,-2,1
-22,15,5
-24,-3,1
-17,-1,1
7,1,3
-22,18,1
-11,1,1
3,6,1
6,2,1
-22,-2,1
-16,-3,1
2,8,1
-2,6,1
-10,-3,1
-8,1,1
-9,-2,1
-7,-5,1
-6,-4,1
-4,-5,1
-8,-5,1
-5,-8,1
-2,-11,1
-2,-14,2
-5,-9,1
-6,-9,1
0,-15,1
2,-18,1
-6,-14,1
3,-17,3
0,-16,1
1,-12,1
1,-14,1
-1,-13,1
5,-7,1
3,-6,2
4,-14,1
4,-9,1
8,-6,1
9,-6,1
10,-2,1
13,-6,1
10,-3,1
15,-4,1
13,-5,1
16,-5,1
14,-3,5
12,-4,1
15,-6,2
13,-2,1
